{"cameraMode":{"drawMode":0,"name":"Shaded","section":"Shading Mode"},"sceneLighting":true,"audioPlay":false,"sceneViewState":{"showFog":true,"showMaterialUpdate":false,"showSkybox":true,"showFlares":true,"showImageEffects":true,"showParticleSystems":true},"in2DMode":false,"pivot":{"x":0.14402362704277039,"y":4.203631401062012,"z":-3.845207929611206},"rotation":{"x":-0.29016101360321047,"y":0.526037871837616,"z":-0.19694897532463075,"w":-0.7747914791107178},"size":6.745726585388184,"orthographic":false}