{"cameraMode":{"drawMode":0,"name":"Shaded","section":"Shading Mode"},"sceneLighting":false,"audioPlay":false,"sceneViewState":{"showFog":true,"showMaterialUpdate":false,"showSkybox":true,"showFlares":true,"showImageEffects":true,"showParticleSystems":true},"in2DMode":false,"pivot":{"x":0.6313512325286865,"y":6.072431564331055,"z":-2.9409427642822267},"rotation":{"x":-0.25831642746925356,"y":0.1319204717874527,"z":-0.03559437394142151,"w":-0.9563486576080322},"size":1.1879096031188965,"orthographic":false}