{"cameraMode":{"drawMode":0,"name":"Shaded","section":"Shading Mode"},"sceneLighting":false,"audioPlay":false,"sceneViewState":{"showFog":true,"showMaterialUpdate":false,"showSkybox":true,"showFlares":true,"showImageEffects":true,"showParticleSystems":true},"in2DMode":false,"pivot":{"x":0.03641176223754883,"y":0.3586452007293701,"z":1.7712938785552979},"rotation":{"x":-0.10368303209543228,"y":0.6129110455513,"z":-0.08157052844762802,"w":-0.7790611386299133},"size":54.836795806884769,"orthographic":false}